user1_gender,user2_gender,user1_country,user2_country,user1_city,user2_city,user1_zodiac_sign,user2_zodiac_sign,user1_age,user2_age,user1_height,user2_height
0,2,6,6,3,10,1,7,20,20,169,189
0,1,1,0,8,9,2,10,54,28,150,187
2,1,5,2,2,6,2,6,28,31,154,198
0,2,1,1,3,2,7,11,49,48,159,159
0,1,10,4,14,99,2,8,42,47,170,157
1,1,3,8,1,10,8,9,57,52,195,171
2,2,7,2,99,1,9,3,49,52,196,167
0,1,10,4,3,2,8,7,27,27,165,150
0,2,7,10,4,10,6,1,35,53,154,150
2,1,9,6,12,2,11,0,18,24,178,178
2,0,10,7,6,3,5,7,53,30,168,181
0,1,11,9,11,8,6,2,18,50,193,160
1,1,4,1,7,9,3,9,24,26,159,175
0,0,2,6,4,10,0,8,59,39,185,151
2,1,5,7,6,6,5,7,31,34,172,181
0,1,6,4,15,7,9,6,50,45,165,157
2,0,9,9,8,2,5,11,35,37,187,153
1,2,7,1,5,12,10,7,31,46,196,194
2,0,6,11,5,6,2,8,18,47,156,166
0,0,10,7,3,8,2,6,45,50,191,181
2,1,2,5,15,7,0,11,35,42,155,160
0,0,1,7,13,14,5,8,54,54,150,155
2,0,5,7,15,9,11,6,31,18,167,189
0,1,6,6,5,13,2,7,53,50,186,162
2,0,5,4,15,10,9,0,52,34,156,188
1,1,5,6,5,7,6,11,58,43,156,171
0,0,4,5,10,1,9,8,55,51,158,163
1,1,6,4,8,2,2,2,55,58,195,171
1,0,0,9,0,10,0,5,44,28,154,168
1,1,1,4,0,1,9,5,42,43,186,167
0,1,0,5,11,2,7,3,54,46,172,199
2,0,0,8,2,8,8,6,50,33,163,166
1,2,2,11,10,99,10,2,37,55,180,157
0,0,8,5,13,99,0,5,36,32,171,181
0,2,8,6,15,13,5,1,27,21,186,161
2,1,10,8,12,9,3,4,43,27,195,158
2,2,3,11,1,11,3,5,29,29,170,187
0,2,2,2,2,5,7,6,33,34,197,177
2,2,9,6,2,13,9,9,19,19,182,159
0,0,5,7,13,13,11,6,39,57,168,179
2,2,2,5,4,6,4,5,36,25,163,159
2,0,0,8,10,3,8,6,39,31,151,188
2,1,2,2,99,13,7,5,58,45,159,165
0,2,9,6,14,7,11,10,38,38,172,191
0,1,10,2,2,12,1,1,37,30,164,159
2,1,0,8,15,9,9,6,38,23,167,190
1,2,11,11,10,7,11,11,30,47,175,155
2,2,2,7,99,15,6,6,38,48,176,158
2,1,6,8,15,6,2,1,53,29,177,165
2,1,3,11,13,1,3,4,25,45,192,172
1,2,0,8,7,6,5,3,24,37,182,180
1,1,2,6,11,15,4,9,47,55,177,169
1,2,4,4,0,6,2,11,52,36,160,183
2,2,11,1,12,11,6,5,39,23,173,183
1,1,11,4,1,2,1,2,49,20,161,167
2,0,7,7,1,99,1,6,20,21,191,178
0,0,0,6,4,10,1,0,37,30,167,185
1,1,10,1,5,11,3,3,50,55,182,199
1,1,5,9,7,5,1,11,57,57,195,173
2,2,10,9,1,2,9,3,56,46,189,166
2,1,9,11,99,5,4,2,26,51,150,158
0,1,2,4,13,4,7,3,56,55,180,174
1,1,3,5,2,99,3,11,48,35,161,151
0,0,0,5,10,0,5,0,23,44,192,157
2,2,0,10,4,3,10,1,41,59,153,152
0,1,4,5,7,14,1,10,53,30,187,199
2,2,0,2,7,1,2,3,48,27,182,187
2,0,7,1,1,6,8,9,27,45,196,166
0,0,0,8,12,12,4,8,49,45,196,169
1,0,2,8,15,9,2,6,47,30,187,172
0,1,6,4,8,14,7,6,20,45,192,174
0,1,10,5,99,14,4,4,42,47,199,187
1,0,0,10,9,9,1,7,53,58,174,178
0,2,4,0,14,14,7,4,37,31,177,166
0,2,2,4,1,4,10,9,38,56,169,191
2,1,2,6,1,15,3,5,29,37,187,193
0,0,9,7,12,7,5,6,48,59,187,171
0,2,7,4,7,7,2,4,41,29,166,186
2,0,9,7,99,14,3,1,26,29,192,198
0,2,1,0,13,7,10,4,54,39,156,156
2,1,0,8,3,9,6,8,27,53,151,161
1,2,2,9,14,11,0,10,22,56,199,169
0,1,10,11,7,4,2,10,55,56,159,165
1,2,4,4,13,9,4,7,20,46,177,153
1,0,4,4,1,99,8,5,47,34,168,178
0,0,9,8,8,2,2,3,33,25,178,169
2,0,5,4,10,6,8,11,22,37,174,184
1,1,2,3,12,7,10,5,53,59,182,191
1,1,1,1,11,1,6,5,48,56,186,191
1,0,7,7,12,1,10,10,45,18,194,183
2,2,6,0,0,7,4,8,56,40,176,156
1,2,1,3,6,15,7,11,55,31,190,156
1,2,9,2,7,0,7,4,54,29,152,175
0,0,4,8,5,3,6,6,52,26,167,176
2,0,1,5,1,11,1,5,51,23,176,193
0,1,5,1,8,14,8,3,20,50,199,194
0,2,1,9,14,1,10,4,58,25,195,195
2,2,4,11,13,11,9,1,57,39,195,176
2,1,2,10,12,2,3,7,28,32,182,152
1,1,4,9,12,13,7,3,31,45,153,154
1,0,3,3,1,3,1,6,44,59,157,188
2,1,7,3,0,7,1,9,23,26,166,192
1,2,11,8,7,12,4,8,52,36,162,188
0,1,2,3,6,12,4,8,22,32,162,162
1,0,9,7,5,6,6,11,50,42,187,156
1,0,11,1,5,7,11,11,58,22,179,178
2,2,10,5,2,5,3,11,32,28,150,162
0,0,11,10,10,15,0,10,24,29,183,153
2,1,5,3,2,3,11,4,31,24,158,177
0,1,7,8,7,5,10,0,40,36,173,175
2,1,2,3,12,4,3,7,50,37,173,154
0,2,1,7,7,8,5,3,55,18,192,196
1,0,9,3,6,2,0,0,31,50,166,161
1,0,1,11,15,12,6,6,56,33,170,154
2,0,8,4,11,8,9,6,33,54,152,157
2,0,2,7,7,99,9,1,48,45,186,157
0,0,1,0,3,2,8,3,38,41,185,160
0,1,6,6,13,13,10,10,35,55,193,189
0,2,0,7,15,99,7,9,47,23,170,193
1,1,0,11,7,99,8,8,26,19,176,178
0,0,9,7,14,3,11,3,29,55,184,176
2,0,10,2,8,99,9,8,45,33,170,185
0,1,10,6,2,6,1,3,34,59,192,153
1,2,5,11,11,15,8,3,45,23,156,188
1,2,10,6,2,0,7,10,49,35,193,152
1,1,8,11,99,7,3,5,20,50,178,164
2,2,7,9,2,15,0,3,24,37,171,180
0,0,10,0,11,0,1,10,44,38,175,192
2,1,6,9,11,13,4,2,20,45,172,195
1,1,2,11,11,1,0,5,44,44,186,169
0,0,11,9,12,13,9,0,29,53,182,177
0,0,8,2,5,1,0,10,37,34,156,178
2,0,10,0,3,5,7,6,42,33,171,157
0,0,0,4,3,7,2,2,23,23,187,174
1,1,1,9,4,12,6,8,29,47,179,183
1,2,9,8,12,5,3,1,51,29,182,169
0,2,8,7,4,8,0,0,40,18,170,166
2,0,1,0,14,5,3,11,53,40,183,156
1,2,2,3,7,3,4,10,20,44,172,159
0,2,8,9,8,14,9,3,54,29,199,196
1,0,0,3,3,3,2,9,56,59,158,160
1,2,2,0,1,6,2,6,52,42,168,195
1,0,6,7,7,14,10,7,48,41,158,190
2,1,4,0,9,15,4,8,51,54,178,196
2,0,4,5,13,8,6,10,47,51,192,199
0,0,7,6,10,14,4,2,51,29,182,160
0,0,9,10,1,11,5,11,20,25,186,187
2,0,6,0,15,15,6,0,24,23,168,186
1,2,4,9,2,15,1,0,20,27,154,191
0,1,11,7,4,2,11,0,49,22,178,190
0,0,5,5,8,8,9,4,42,54,185,198
0,1,0,5,5,12,7,3,42,54,183,166
1,1,1,9,8,15,2,11,56,29,182,191
1,2,6,8,9,11,3,6,48,45,178,169
1,2,11,4,4,6,7,4,26,39,171,157
1,1,1,10,14,8,5,2,35,37,155,188
1,0,9,6,99,6,8,10,40,42,154,199
2,2,8,8,5,13,1,7,39,50,174,180
1,2,4,3,12,3,3,5,18,28,191,154
0,2,2,4,9,3,7,4,22,29,194,150
0,1,6,6,13,7,8,9,58,37,197,198
0,2,6,0,3,8,9,5,19,46,167,182
1,1,2,11,99,11,0,10,41,27,166,196
1,2,2,0,1,10,9,6,58,20,180,185
2,1,8,4,99,7,8,2,38,34,197,181
1,0,10,10,8,11,7,9,34,42,150,179
0,0,1,5,0,7,2,6,44,23,184,168
1,0,0,7,4,6,11,9,45,20,190,164
1,2,3,2,2,14,1,2,22,33,160,171
0,1,5,0,3,2,11,7,47,31,166,157
0,0,10,10,9,5,7,5,52,47,199,181
2,0,10,1,15,1,10,8,27,19,163,199
0,1,10,11,9,9,2,2,30,58,154,180
0,2,3,8,2,9,1,3,35,45,170,196
1,1,3,9,11,7,2,5,51,19,163,191
0,0,1,9,6,1,1,5,30,21,196,183
2,2,11,4,2,10,0,7,29,22,172,163
0,0,0,11,15,5,10,5,32,20,167,173
2,1,7,0,1,14,5,5,59,44,186,181
1,2,1,5,4,9,1,5,30,43,176,157
1,2,0,6,5,0,2,8,53,23,161,190
1,2,10,0,15,12,11,6,53,37,154,178
1,0,2,6,1,9,7,10,53,34,160,176
1,0,0,3,0,99,1,1,43,26,175,187
2,1,2,10,8,13,2,11,24,36,166,169
0,2,10,10,14,15,11,5,31,36,152,191
1,2,9,10,0,7,2,10,28,53,187,169
2,2,1,6,1,12,9,7,40,30,158,159
2,2,3,0,5,12,1,7,32,40,196,181
0,2,6,4,1,1,6,10,43,51,196,178
0,1,0,3,15,5,1,1,32,28,175,161
2,2,1,6,0,4,9,5,34,19,193,180
2,2,9,10,4,13,3,4,53,42,170,164
0,2,10,7,11,10,6,3,42,26,199,172
2,2,10,0,12,13,2,8,58,48,198,193
1,0,11,0,13,13,2,5,55,38,171,166
2,1,5,7,0,8,3,2,21,39,174,174
2,1,2,8,14,9,6,11,44,59,151,166
1,0,6,9,13,15,11,10,43,55,185,177
2,0,1,0,5,5,3,6,42,34,164,174
1,1,3,7,6,12,0,7,46,33,193,156
2,1,9,2,14,11,6,11,56,44,152,184
2,1,3,3,7,6,8,2,53,18,190,178
1,0,10,2,6,4,4,9,20,28,158,185
0,0,1,3,1,15,8,11,25,36,154,194
1,1,3,8,5,7,10,8,55,59,191,198
1,0,2,6,4,1,11,9,49,43,156,189
1,1,2,7,3,7,7,8,50,37,156,187
2,1,9,4,10,99,8,1,48,31,176,193
2,0,0,4,2,9,1,10,19,18,183,186
0,0,5,0,3,14,7,2,43,57,153,164
1,2,0,6,13,15,1,6,59,19,194,191
0,1,7,4,2,14,3,6,29,44,183,187
0,1,5,7,0,2,6,11,24,23,174,178
2,0,7,1,7,12,1,7,34,28,170,187
0,1,9,5,8,2,10,3,52,43,172,180
1,1,3,8,11,4,10,10,18,58,174,178
1,1,6,11,8,8,3,5,41,44,176,155
2,1,5,11,14,6,5,4,24,53,193,170
2,1,0,8,14,14,11,10,45,31,164,165
2,2,5,7,11,2,1,5,39,46,177,150
1,2,1,1,11,1,7,9,37,55,171,155
2,2,3,0,99,1,9,3,55,26,172,165
2,1,6,2,8,99,10,5,57,52,163,187
1,0,0,8,11,4,0,11,29,24,181,153
1,2,1,11,10,0,5,8,35,20,186,161
0,0,11,3,0,8,3,2,45,51,191,153
0,1,9,6,10,6,9,1,46,53,152,169
0,2,2,3,3,5,11,1,22,58,190,160
0,0,5,2,0,11,0,8,40,53,159,186
2,0,6,5,0,13,10,7,56,34,158,169
2,1,3,4,1,7,3,8,24,24,150,175
1,1,10,0,12,6,5,8,48,56,174,184
0,0,1,4,6,0,0,2,50,23,172,186
0,2,4,2,13,1,1,11,49,43,154,178
0,1,4,4,9,10,3,6,57,45,170,162
2,0,11,6,0,12,10,6,36,50,183,186
2,2,6,6,15,15,3,9,35,38,170,154
0,0,11,10,5,8,11,5,40,45,159,184
0,1,0,6,9,2,1,10,36,57,187,188
0,2,6,11,1,7,8,2,55,44,170,170
0,1,0,10,9,6,5,4,55,55,157,154
0,0,11,9,15,0,2,11,53,50,152,192
2,0,1,5,12,12,2,3,36,32,194,194
2,1,2,8,3,99,8,9,51,53,162,183
0,1,9,8,2,12,11,5,56,23,196,195
1,0,3,6,15,0,2,0,42,24,164,170
1,1,9,7,0,3,4,3,49,56,183,181
0,0,2,8,11,15,8,3,18,28,180,176
0,1,4,0,3,10,7,10,57,29,168,156
2,1,4,4,7,12,3,6,27,43,167,160
2,1,4,11,14,14,8,1,48,51,192,173
2,0,9,9,8,5,2,3,47,57,161,168
2,1,11,7,15,13,11,4,39,49,156,168
2,0,7,9,13,6,7,11,58,54,152,185
1,1,8,9,1,11,1,0,50,23,172,199
1,2,2,10,0,6,7,8,24,36,152,168
2,2,9,10,13,1,2,6,52,24,171,162
0,1,5,7,5,13,4,1,46,34,192,154
2,0,9,0,2,10,3,10,33,37,162,160
2,0,10,5,5,12,1,11,58,35,185,155
0,2,8,9,12,10,3,10,18,56,188,172
2,1,5,2,13,3,6,6,37,47,162,178
1,0,11,10,5,10,2,7,43,45,160,199
0,1,1,11,12,1,0,1,30,24,188,166
1,1,7,7,5,9,10,2,59,56,164,152
0,0,0,8,99,14,4,6,39,45,165,174
1,0,0,3,4,12,1,4,53,59,174,161
0,1,9,4,9,2,10,2,18,52,185,175
0,2,3,1,9,12,7,0,39,53,180,168
1,1,2,4,6,1,6,7,25,57,153,165
2,2,11,9,14,9,8,6,27,18,165,167
1,1,0,11,12,99,4,6,58,31,164,165
2,2,5,7,0,0,5,2,54,57,196,174
1,2,4,8,99,9,0,4,32,52,181,182
0,2,0,2,12,5,9,9,19,53,159,197
0,0,5,8,5,13,3,10,38,51,184,152
0,1,6,5,6,7,11,2,25,35,189,151
2,1,6,0,99,15,1,7,24,21,195,156
1,1,3,10,0,12,10,1,51,54,156,164
2,1,9,1,14,12,9,8,18,30,183,177
0,0,8,0,10,13,3,8,25,46,161,151
0,0,6,10,14,2,1,11,30,52,187,184
0,0,8,3,0,8,0,2,50,32,190,191
2,0,7,4,6,6,9,11,46,43,169,175
0,1,11,11,5,4,0,5,47,45,153,159
1,0,10,5,4,99,0,11,59,44,153,187
2,2,4,6,2,6,0,9,52,40,199,160
1,0,5,5,5,6,5,2,51,57,156,184
2,0,0,3,6,14,6,0,31,46,190,165
2,0,0,0,2,9,9,10,20,43,173,174
1,2,6,7,5,15,0,5,27,58,175,168
0,2,6,8,10,5,11,8,33,20,180,182
0,1,5,6,2,8,9,11,23,24,167,175
2,1,6,10,3,0,9,10,33,47,189,160
0,0,7,6,99,2,0,0,49,59,176,164
1,1,7,3,10,99,7,6,43,24,167,191
2,0,2,6,99,4,9,1,52,24,167,188
1,0,9,3,0,14,0,1,25,41,175,165
1,2,10,3,8,6,7,1,59,47,173,185
0,0,3,9,2,14,7,5,45,29,168,162
2,2,0,4,11,9,8,0,27,20,177,191
2,1,5,0,4,8,2,6,44,46,198,187
2,2,8,7,2,3,4,6,42,31,194,185
1,0,5,6,0,5,0,7,25,23,165,195
2,1,10,0,8,15,3,8,50,20,152,170
1,2,2,9,7,14,6,0,33,37,154,160
1,2,4,6,2,13,10,0,39,49,175,162
1,1,4,1,5,13,0,6,59,58,153,152
1,0,9,3,0,0,0,9,20,19,174,190
0,1,0,10,6,3,5,3,59,52,175,161
2,0,4,6,0,8,6,11,51,26,162,177
0,1,9,0,7,5,1,10,20,56,193,198
2,1,8,5,15,99,1,10,24,49,194,151
1,0,10,6,4,99,3,8,40,44,152,199
1,0,4,7,0,14,3,10,49,33,156,190
2,2,8,2,15,8,1,1,31,44,175,183
0,0,1,8,10,4,10,4,43,50,164,169
1,1,2,10,9,15,3,2,40,53,195,190
2,0,5,7,99,5,5,2,23,49,155,184
2,1,1,6,13,15,2,7,23,54,150,172
0,2,4,9,99,11,7,7,24,46,198,162
2,1,5,7,14,13,10,11,54,59,173,177
0,0,1,5,8,6,6,8,47,55,165,176
1,1,3,4,99,5,9,5,33,56,167,195
1,1,0,2,8,9,11,6,30,40,179,167
1,0,4,9,10,1,10,1,45,59,158,183
1,0,9,11,6,15,3,3,31,37,155,167
0,2,1,2,10,4,1,7,29,47,188,152
1,1,6,8,0,15,4,2,28,48,173,184
2,0,2,10,1,14,4,6,24,45,173,191
2,1,4,4,9,14,9,3,26,59,166,167
2,1,8,11,99,6,11,7,50,44,174,176
0,2,7,10,11,2,9,11,35,25,185,181
2,1,10,1,7,14,5,1,58,28,162,166
2,2,2,9,8,99,4,2,43,32,165,169
1,1,6,10,11,0,1,3,18,54,170,187
1,1,10,11,0,10,11,2,34,49,166,150
1,1,10,11,13,7,8,7,58,23,171,151
1,0,8,9,99,2,10,7,49,38,181,199
1,1,3,9,99,0,3,3,41,43,174,179
2,2,9,4,12,6,4,4,37,50,159,165
2,0,6,0,13,1,1,10,53,58,177,198
1,2,3,5,8,10,1,4,33,29,172,187
1,1,2,0,6,12,10,10,34,59,187,173
2,0,1,6,10,15,6,9,43,19,158,192
0,0,10,8,0,99,10,9,18,28,169,177
1,1,9,1,0,2,5,5,50,36,163,166
2,0,2,2,0,5,1,7,43,59,196,199
2,2,4,11,10,10,10,0,51,53,168,155
2,1,6,3,4,99,9,3,49,23,185,169
2,2,8,0,13,2,5,0,24,19,189,154
2,1,5,8,11,10,0,0,33,31,196,172
1,1,6,11,99,9,6,7,29,20,199,191
2,0,1,0,9,5,0,11,50,40,162,160
2,0,7,0,10,6,1,11,39,52,191,171
0,2,11,4,10,12,2,8,21,45,175,186
1,0,4,1,6,99,4,7,41,54,159,172
0,2,3,8,13,11,11,11,33,56,191,170
2,2,2,0,14,8,1,6,23,26,173,173
1,0,1,9,9,14,2,1,43,35,166,168
2,0,4,9,1,2,1,3,45,58,177,163
0,1,3,6,1,11,1,0,48,34,169,181
1,0,1,5,4,11,2,5,30,58,151,195
0,2,3,6,8,5,1,3,22,32,176,189
0,2,7,2,5,8,7,10,50,27,183,194
0,0,5,11,0,3,9,10,20,20,187,164
2,2,9,2,15,11,1,5,28,59,184,158
0,1,6,4,15,3,4,7,57,20,183,183
2,1,2,6,11,8,5,3,51,48,199,156
1,1,2,6,13,13,11,4,54,29,152,179
0,0,9,1,15,11,7,3,33,30,161,181
0,2,9,4,7,5,4,3,59,34,182,182
1,2,3,3,13,13,2,0,32,43,170,173
2,0,3,2,1,4,5,10,57,27,168,189
2,0,3,3,7,9,8,9,41,46,167,174
0,2,8,4,3,3,8,5,49,31,193,185
2,0,0,1,3,3,11,3,52,37,169,167
1,0,10,7,1,13,7,0,44,52,162,184
1,1,10,1,15,6,6,4,26,26,165,196
0,0,8,5,12,3,1,6,26,49,173,171
0,2,11,11,11,15,8,11,23,30,153,193
2,0,2,11,6,3,10,11,20,55,189,161
0,2,8,3,15,7,8,4,47,24,194,164
0,0,0,4,7,14,11,5,52,27,187,186
0,1,9,4,4,3,8,8,35,43,185,195
1,0,1,0,14,99,3,3,25,35,158,196
0,1,2,9,15,6,4,7,52,46,197,181
0,2,10,4,8,11,1,5,20,19,183,193
1,0,9,6,5,3,5,4,32,39,175,181
0,0,2,4,8,10,0,6,58,19,158,187
0,0,1,9,3,10,11,0,56,18,160,183
2,0,4,9,13,7,10,8,29,53,186,189
0,1,5,4,14,1,4,10,25,44,187,157
2,2,6,6,4,15,11,9,29,36,165,199
1,0,0,5,0,12,1,0,23,29,164,176
1,2,4,6,15,0,4,9,58,42,182,198
2,1,11,3,4,11,7,7,54,36,172,173
1,2,10,6,14,13,3,11,22,57,190,185
0,2,11,9,0,9,9,8,22,47,191,179
2,2,6,1,13,5,5,4,53,27,191,178
1,1,7,0,0,6,1,2,58,24,162,185
2,2,9,10,10,12,9,0,42,59,192,171
1,2,5,7,14,6,5,9,40,38,157,181
1,1,1,9,8,10,5,10,59,18,169,150
0,0,4,4,15,2,6,5,25,53,174,186
2,1,10,0,5,99,7,7,32,54,154,173
0,2,9,4,12,12,8,2,43,50,183,167
1,2,2,4,7,14,3,3,42,42,192,161
1,2,10,11,14,9,9,0,52,42,150,194
2,2,0,0,15,10,5,4,38,46,152,193
0,1,9,3,9,14,3,3,45,37,194,195
0,0,4,4,9,1,5,8,50,35,169,169
1,1,1,1,4,11,5,9,29,52,178,186
0,1,0,9,9,15,3,9,30,40,171,156
1,2,7,2,2,13,0,4,40,36,173,152
2,0,5,7,5,11,10,4,47,44,178,187
1,2,1,6,4,14,4,1,33,39,185,155
1,0,7,2,3,11,1,6,53,28,165,153
2,1,8,1,14,8,10,5,30,42,187,150
0,2,2,1,9,8,2,11,42,39,160,168
1,0,4,8,0,1,5,1,37,52,166,183
0,2,2,4,10,7,1,0,54,26,199,185
1,0,8,3,10,10,8,7,44,39,176,159
0,0,9,9,7,8,6,0,34,33,174,176
1,1,1,3,3,1,6,4,33,22,178,174
0,2,4,9,7,9,6,3,42,39,196,168
0,2,1,0,15,8,8,3,33,25,163,168
0,1,6,8,6,1,1,2,58,34,178,165
2,2,10,9,0,13,0,3,47,25,175,164
2,2,10,1,12,10,4,6,45,40,171,174
2,0,1,1,9,5,8,6,22,50,190,155
0,0,9,1,9,13,10,0,48,25,192,170
1,1,10,2,2,8,9,1,54,56,160,166
2,1,8,2,4,6,3,3,58,29,189,171
0,2,5,11,10,1,1,6,27,47,172,169
2,1,7,5,3,14,0,5,41,29,177,188
0,1,11,5,9,11,10,8,30,55,195,163
0,1,0,0,3,4,1,9,37,44,182,171
2,0,1,0,1,99,5,2,41,45,193,180
2,1,6,10,5,4,6,7,27,46,169,176
1,2,0,11,15,11,7,2,29,26,167,180
2,1,11,7,1,2,10,2,58,28,157,155
1,2,6,5,15,6,4,5,44,29,189,181
1,2,10,4,12,11,7,10,34,42,173,156
1,1,0,11,7,15,4,4,27,20,170,173
1,2,6,1,6,12,10,2,41,55,150,197
0,1,11,9,8,8,1,4,48,52,179,167
2,2,2,9,5,4,2,3,42,49,176,179
1,1,4,2,2,3,11,3,56,48,176,191
1,1,6,3,13,99,8,4,38,42,173,197
2,1,10,3,6,8,11,9,41,23,178,167
0,2,0,4,99,6,1,1,45,28,154,184
0,0,4,8,0,12,6,11,47,57,169,198
1,2,2,2,3,0,5,0,49,47,152,177
1,2,10,2,11,13,10,6,32,38,178,164
2,0,3,10,15,10,3,5,49,54,169,154
2,2,10,9,4,8,6,8,49,38,193,181
0,2,4,5,4,2,5,5,40,55,197,199
1,0,4,1,0,14,0,2,57,53,151,179
1,1,2,7,14,9,4,3,36,58,190,192
0,2,4,3,12,13,11,1,59,18,169,195
1,1,0,9,13,5,8,1,29,46,153,157
2,0,6,2,2,14,9,2,54,23,189,156
2,2,8,8,5,6,7,10,20,50,174,176
0,1,11,4,2,15,10,8,24,38,195,197
1,0,8,7,3,14,3,7,41,39,197,154
2,2,7,11,1,8,0,3,42,42,186,184
1,0,10,6,3,14,3,4,48,45,194,182
2,0,10,4,6,3,10,11,33,35,151,168
1,1,7,3,12,2,5,5,31,49,174,172
1,2,8,0,0,13,5,6,44,40,187,181
0,2,6,9,13,1,9,10,44,21,196,187
2,2,8,3,5,0,11,8,35,41,190,178
0,0,5,3,8,15,9,6,52,23,177,187
1,2,4,6,10,2,5,9,22,56,194,177
0,2,6,9,7,4,9,4,44,35,196,183
0,1,6,10,1,15,6,5,50,51,189,172
0,1,10,10,10,1,1,11,48,58,155,194
0,1,3,10,13,11,8,9,19,45,193,188
2,1,8,1,0,12,9,3,46,29,166,178
1,2,2,4,8,15,6,9,21,47,193,165
1,0,11,4,6,13,11,9,20,42,176,154
1,1,4,4,4,8,1,8,48,32,178,171
2,1,6,3,1,0,7,6,48,27,162,175
0,0,9,2,10,10,0,5,48,35,196,178
0,0,5,10,7,5,1,1,55,20,173,162
0,2,2,9,3,12,5,7,44,24,158,179
2,2,10,9,13,5,9,0,55,35,155,191
2,2,10,3,5,9,2,0,29,36,192,173
0,0,9,6,11,14,2,9,36,25,158,186
1,1,4,2,0,99,2,7,58,36,152,186
2,0,6,1,14,9,6,5,39,46,161,161
2,1,11,10,1,10,8,7,22,37,198,157
2,0,5,4,3,99,11,6,19,56,150,174
0,2,2,0,6,12,9,9,50,24,161,178
0,0,0,6,99,0,10,7,37,23,193,177
2,1,3,8,10,9,11,3,41,49,186,186
1,1,0,8,10,2,11,10,49,37,187,162
0,1,7,3,14,1,5,6,31,55,157,157
2,2,0,0,7,7,11,1,57,34,198,195
2,1,11,6,8,13,4,5,28,49,181,173
1,2,4,5,9,99,4,3,54,43,181,198
1,0,1,1,13,99,5,1,31,50,163,182
2,2,3,3,10,8,1,5,38,25,161,173
0,2,9,1,6,5,9,6,48,37,164,170
1,2,6,5,99,6,6,2,55,41,198,199
2,1,6,6,13,9,7,1,39,44,162,177
1,0,5,3,1,8,7,10,22,49,195,175
0,2,4,11,15,14,6,9,20,49,189,179
2,2,6,8,3,3,6,9,40,27,173,151
2,0,8,1,14,7,5,1,53,44,185,150
0,0,0,9,1,7,5,0,57,41,186,180
1,2,5,7,0,4,0,8,51,25,173,176
1,1,11,11,15,99,2,7,31,18,173,167
1,2,10,0,12,12,5,1,59,54,185,158
0,1,11,7,7,3,8,3,43,43,156,163
2,2,5,6,12,1,8,5,26,21,182,183
1,1,5,1,6,6,9,8,18,52,152,187
2,1,3,5,6,2,11,3,39,50,160,188
0,2,4,5,12,15,6,10,39,55,176,152
1,2,8,3,13,9,6,9,52,42,184,198
0,0,6,3,8,8,9,10,36,48,159,192
0,0,8,5,9,9,9,0,19,33,174,174
2,1,9,11,6,5,3,4,20,37,159,182
2,0,3,6,9,3,9,8,33,40,165,177
0,0,0,3,5,4,0,3,55,53,170,152
0,1,11,5,1,14,1,1,48,58,153,180
2,0,2,0,5,1,8,10,34,26,169,189
0,0,2,4,2,10,6,9,46,48,176,182
0,1,11,5,5,15,0,9,42,21,157,163
1,2,1,8,4,1,1,2,55,28,190,187
2,2,6,8,3,3,2,7,24,49,176,184
1,1,11,1,4,7,7,5,42,33,150,197
0,0,11,4,99,15,8,0,59,51,196,168
0,0,1,5,6,2,10,7,49,39,150,163
2,0,2,1,12,14,5,3,36,59,155,180
1,2,9,2,14,14,5,6,40,22,180,197
1,1,9,9,4,15,1,11,46,39,175,179
1,1,7,6,1,15,10,8,55,31,182,194
1,2,8,0,15,10,11,10,45,32,195,153
1,0,6,8,11,9,3,10,39,19,155,186
1,2,10,3,12,2,10,1,56,18,160,168
0,0,1,10,6,15,8,7,21,25,152,182
2,1,6,5,6,3,4,5,35,28,197,196
1,2,6,4,99,13,1,0,49,26,198,153
1,0,6,11,12,0,4,5,51,49,178,172
0,2,5,1,4,8,6,7,50,31,151,182
1,2,9,9,8,11,1,0,47,24,158,160
0,0,0,7,0,5,0,8,25,19,176,160
0,1,8,4,1,5,0,6,43,37,156,188
0,1,4,5,4,0,2,9,50,59,196,157
1,1,10,10,1,10,3,11,34,39,175,193
2,2,7,4,8,99,11,2,51,56,179,168
0,0,10,7,0,11,1,4,38,44,150,156
1,2,4,0,5,10,2,3,33,59,167,173
1,2,7,7,6,12,5,2,55,43,181,188
2,1,10,11,7,2,10,3,59,55,154,185
1,0,10,4,14,12,10,5,50,24,181,163
1,1,1,2,5,6,6,5,43,18,181,192
2,2,3,5,1,13,1,8,46,24,176,152
1,0,8,2,9,13,7,2,42,26,174,196
1,0,6,3,8,99,9,3,53,24,183,199
1,0,11,0,8,7,10,2,54,30,169,163
1,0,7,1,15,6,8,8,56,38,192,154
1,1,5,2,1,1,5,6,19,27,195,152
1,0,11,2,15,0,9,10,50,29,180,166
0,2,3,6,0,99,9,3,23,46,183,168
0,1,4,7,11,5,0,3,20,28,182,173
2,0,9,5,13,4,4,8,34,19,192,178
1,0,2,8,4,5,6,9,35,20,189,191
2,0,4,3,13,5,1,2,23,40,160,181
2,2,0,3,8,1,10,1,42,23,155,172
0,2,6,0,13,14,5,8,48,51,172,158
1,1,0,2,13,1,6,4,19,28,188,194
2,2,10,7,2,2,8,1,26,19,150,165
1,0,2,2,5,7,3,0,56,30,191,163
0,0,7,6,1,6,8,0,56,35,161,160
1,2,9,5,7,14,5,9,44,37,198,154
2,1,10,2,5,5,4,3,57,20,155,153
2,1,8,7,10,5,2,3,42,24,159,191
2,2,7,11,13,8,0,11,27,29,187,199
0,0,1,6,7,5,6,9,41,33,199,175
2,2,7,10,9,8,0,0,55,37,194,160
0,2,9,1,8,14,8,9,19,27,194,179
2,0,7,4,8,8,1,2,42,49,172,153
1,1,2,10,4,4,11,10,52,52,161,169
2,0,10,1,3,15,1,3,31,58,198,161
0,2,11,9,11,15,2,1,58,41,197,178
0,1,10,3,2,7,5,9,29,33,199,170
2,1,2,11,15,9,2,8,59,24,160,170
1,1,4,7,15,9,9,4,19,53,179,177
0,2,10,8,1,8,9,7,59,52,158,192
0,1,10,0,99,5,11,7,48,54,197,153
2,0,5,11,2,10,5,11,30,32,197,197
1,2,10,10,0,7,4,7,19,46,180,170
0,1,2,10,0,12,5,10,56,41,174,183
0,0,9,3,10,10,3,0,54,44,162,158
2,0,6,2,12,4,2,8,44,39,177,171
2,1,4,4,5,5,11,1,27,18,173,159
0,0,0,7,8,15,11,1,52,34,161,163
2,0,9,10,8,2,3,7,36,43,163,159
0,2,4,6,11,8,1,6,47,43,196,162
1,2,1,7,4,7,9,11,35,30,169,180
1,2,11,9,15,9,1,5,49,43,163,183
0,0,7,4,13,15,0,0,40,54,197,173
2,0,0,8,4,3,11,1,32,57,180,197
1,1,9,10,9,11,5,2,32,39,191,165
0,0,1,2,99,9,3,2,29,28,183,191
2,2,8,0,5,9,2,3,25,19,185,153
0,0,4,5,15,7,7,7,37,21,169,186
0,2,4,3,15,7,9,9,33,49,157,158
0,1,4,8,7,10,11,7,39,48,194,161
0,2,7,3,99,11,11,9,53,32,181,190
0,2,4,5,12,6,2,7,35,58,167,165
1,2,1,11,7,13,11,0,24,50,156,153
2,0,8,10,2,11,2,10,38,39,186,170
0,1,10,10,99,1,8,1,44,46,174,178
0,2,9,3,6,3,2,0,47,23,153,182
2,2,2,1,11,12,1,0,54,29,199,173
0,1,0,11,13,6,10,7,20,33,197,167
1,0,3,1,9,3,2,8,59,48,195,181
0,2,9,3,13,8,8,7,56,36,161,168
2,2,2,8,4,4,7,0,55,27,182,173
1,0,2,5,14,15,7,0,33,57,155,167
0,1,10,1,8,6,6,2,18,21,195,180
2,1,6,3,10,12,2,10,21,58,189,174
1,1,3,8,5,10,6,9,18,58,176,155
0,2,0,6,2,3,1,1,44,41,194,169
1,2,11,10,1,5,8,6,51,38,188,194
2,2,3,0,14,4,7,7,35,46,175,187
0,0,1,0,7,9,2,3,51,20,151,169
2,0,1,4,11,99,2,4,33,50,150,197
0,2,5,10,10,5,5,2,58,32,197,163
1,2,1,4,1,3,0,9,53,32,188,167
1,0,6,8,6,4,7,7,51,51,171,168
2,0,11,8,8,10,4,2,33,52,181,163
1,1,4,2,14,6,9,10,57,25,170,153
1,2,5,3,0,3,8,8,21,49,151,177
2,2,5,11,14,5,9,1,53,49,161,158
0,0,2,10,9,99,0,2,41,59,163,175
1,2,5,8,13,7,7,11,42,53,177,193
1,0,7,1,11,14,1,10,34,49,193,179
1,1,8,9,5,6,7,7,42,52,155,168
0,2,7,6,5,6,2,7,19,42,152,181
1,1,6,6,2,13,2,1,34,39,166,172
1,0,10,10,10,2,10,0,35,36,155,193
2,0,4,11,1,12,3,0,38,58,189,176
1,1,4,9,5,8,1,11,25,51,170,186
2,1,3,7,7,9,11,11,27,28,198,182
2,2,0,8,5,2,9,11,31,44,158,173
1,0,6,4,13,9,8,7,19,32,156,194
1,2,4,4,6,13,1,5,31,42,183,191
1,2,10,0,13,8,6,7,25,28,188,164
0,2,0,4,1,15,5,0,44,32,159,196
0,2,1,9,5,7,7,10,43,37,198,192
0,2,0,8,7,15,4,11,29,27,156,196
0,1,6,11,15,4,2,1,53,56,191,177
1,2,6,7,9,0,2,8,34,27,193,187
0,0,6,5,0,13,11,1,54,23,170,170
1,2,1,7,3,1,6,1,22,18,168,173
2,1,1,1,11,0,4,8,48,44,178,164
2,2,7,5,12,1,2,1,23,51,194,194
0,0,5,10,4,8,0,10,33,30,193,176
0,2,9,3,14,14,9,11,18,52,170,157
0,0,1,10,11,5,11,6,39,31,155,154
1,0,4,1,14,8,1,9,57,50,192,150
0,0,0,5,3,7,5,1,21,48,185,181
2,2,4,2,0,12,7,6,50,57,168,152
1,0,8,10,0,2,8,2,34,41,159,161
1,2,1,5,9,10,0,11,27,19,186,186
0,2,4,11,6,2,1,9,48,52,171,153
2,1,2,10,4,14,0,10,41,41,181,183
1,2,9,6,2,14,4,11,52,45,185,160
2,2,4,8,13,9,11,11,45,21,164,194
2,2,5,8,1,5,1,7,48,31,157,189
0,1,1,10,4,10,5,6,44,38,178,162
2,0,0,9,6,8,1,6,37,51,169,192
1,2,5,1,99,12,1,7,34,30,192,172
0,1,4,7,0,10,4,5,40,29,191,156
1,0,2,0,9,1,11,7,22,47,183,172
1,0,5,10,2,3,11,7,51,39,165,160
2,1,0,9,6,8,6,8,56,27,176,173
2,0,8,10,6,11,8,0,24,46,162,164
0,1,6,3,12,10,11,8,30,44,172,167
2,1,8,0,13,3,8,1,53,42,175,187
0,2,7,3,0,11,1,2,57,55,159,194
0,0,8,6,5,11,0,9,33,37,168,166
2,2,8,7,0,11,8,10,49,31,171,150
1,1,6,9,14,11,1,1,39,36,162,192
1,1,0,11,1,0,4,7,53,29,170,177
1,1,7,5,3,14,9,4,39,28,175,173
1,0,3,7,8,13,9,11,34,35,180,191
2,2,9,11,9,12,3,10,21,48,170,157
2,1,10,9,10,13,10,10,42,34,158,186
0,1,9,9,5,1,10,9,52,52,163,167
0,2,0,0,2,1,6,10,25,49,171,188
2,1,11,11,9,5,6,7,58,27,199,164
1,0,8,5,10,15,10,8,23,30,159,181
2,2,1,3,13,3,6,0,20,20,195,153
1,0,1,8,5,9,2,5,32,21,185,180
0,2,3,6,11,1,0,11,46,30,182,186
1,1,7,11,9,9,9,7,44,26,159,154
1,1,10,11,6,15,11,8,18,53,190,182
0,2,10,2,1,14,4,7,44,18,164,161
0,0,7,1,7,12,8,0,25,38,189,162
2,1,6,10,12,15,7,2,18,51,190,185
1,0,5,4,2,8,10,2,59,36,195,151
0,2,9,10,13,12,10,5,18,49,151,163
2,0,3,4,4,12,7,11,31,25,163,178
1,2,3,11,4,12,7,9,58,55,159,195
2,2,0,9,14,11,0,7,58,27,194,187
2,0,2,5,13,14,10,8,42,21,176,181
1,2,9,7,99,15,1,3,53,54,166,180
1,1,5,8,8,3,9,9,31,21,180,170
2,1,7,10,0,5,0,2,57,44,163,164
0,1,3,2,6,9,5,5,44,30,188,150
0,1,2,4,7,99,7,5,45,54,190,199
0,1,7,11,2,8,1,1,25,38,179,159
1,1,11,2,99,6,10,9,40,31,159,164
0,1,7,11,13,2,8,5,28,59,165,171
1,0,11,6,11,10,1,4,49,24,198,197
1,1,10,7,12,2,11,4,54,38,198,184
2,2,11,9,1,12,3,9,20,48,161,172
2,2,6,7,1,1,1,3,48,20,183,186
2,2,2,8,6,13,10,9,44,30,193,167
0,1,4,8,15,4,11,9,28,35,194,178
2,2,8,4,9,4,5,1,25,40,196,160
2,0,1,7,9,8,7,0,32,28,179,197
2,2,10,8,99,5,5,2,40,43,169,166
2,0,10,9,3,99,9,8,53,25,176,162
2,2,6,2,8,4,8,10,29,43,153,187
1,2,2,1,12,9,4,8,21,58,196,171
1,1,8,7,3,12,3,7,27,59,180,186
0,2,10,10,99,0,10,1,46,25,171,172
1,0,11,0,2,7,7,9,22,42,168,176
2,2,8,7,14,12,6,3,40,21,179,163
1,0,0,9,5,15,11,6,50,28,186,175
1,1,11,11,11,10,1,0,55,47,199,155
0,1,10,9,1,10,1,7,34,46,196,198
0,1,8,10,11,2,9,4,58,58,167,167
0,2,2,0,11,12,3,2,23,46,186,157
1,0,2,6,8,12,1,1,45,22,172,166
2,1,7,0,11,3,11,9,48,49,158,188
1,1,3,7,15,3,11,0,53,59,186,157
0,0,4,9,2,15,0,3,57,51,160,182
2,1,3,9,4,3,1,9,54,49,179,198
2,1,6,10,6,9,10,0,56,41,180,195
1,1,10,3,99,3,4,6,25,44,173,175
1,0,3,1,15,11,1,8,55,23,199,194
2,0,9,1,1,5,5,10,50,36,150,165
2,0,11,0,11,0,8,0,24,36,172,151
1,1,9,4,8,15,7,2,56,59,171,156
0,2,5,6,10,1,9,2,48,46,188,160
2,2,0,8,4,9,5,4,29,56,189,181
0,0,2,10,10,2,2,0,24,51,169,163
1,0,1,9,4,12,1,3,22,22,151,156
2,1,7,0,6,14,10,11,26,50,185,151
1,1,8,0,8,0,0,8,29,35,185,180
1,0,4,7,7,4,2,8,28,55,163,168
2,1,0,6,1,7,6,2,20,19,183,160
0,2,1,9,11,4,7,9,48,35,150,161
1,2,9,9,5,12,5,8,43,56,192,187
0,2,3,5,1,7,9,10,28,24,156,158
0,2,2,3,15,2,6,3,56,20,195,183
0,0,10,4,12,2,11,10,33,48,167,162
1,2,8,4,11,15,2,3,30,27,187,154
2,0,8,7,2,11,1,11,45,19,193,162
0,2,4,4,8,1,8,8,57,38,155,154
1,0,6,6,7,99,8,4,50,26,160,175
0,2,10,3,2,15,1,4,47,30,187,173
2,1,4,2,5,99,9,7,34,22,185,157
0,0,3,8,14,1,2,7,30,19,186,192
2,0,6,10,14,10,1,2,48,57,150,174
0,0,2,6,9,0,4,5,32,52,175,158
0,0,6,8,1,8,2,1,25,28,171,163
1,1,4,5,1,14,11,5,45,42,175,177
2,0,7,2,1,99,5,6,57,47,150,156
2,2,3,9,11,7,7,7,22,33,176,173
0,2,5,3,12,8,5,10,35,25,153,185
1,2,10,7,14,12,5,3,36,31,188,151
1,0,3,8,7,3,2,1,46,36,153,160
2,0,3,1,12,1,4,3,57,35,191,198
1,2,3,6,5,13,8,5,39,43,165,150
1,1,9,9,9,12,2,0,21,41,159,175
1,1,2,7,2,9,0,4,27,19,166,150
0,0,10,5,5,11,7,4,42,27,163,175
0,0,8,7,0,3,8,2,46,34,188,192
1,1,8,2,10,4,8,0,29,33,181,172
0,2,2,6,13,3,1,11,26,49,174,161
2,2,10,5,7,7,3,0,41,34,160,179
0,1,5,8,14,5,10,5,53,22,158,162
0,1,2,6,1,11,5,1,20,20,174,190
0,1,2,8,6,13,10,8,40,47,164,194
1,0,6,1,11,14,8,0,21,19,181,180
2,0,3,2,2,3,1,8,23,37,170,161
2,1,7,0,0,2,5,3,22,59,152,156
0,2,0,9,9,6,8,11,19,54,155,186
0,0,7,1,5,15,11,3,56,26,167,177
1,2,7,11,9,0,10,2,47,42,188,178
0,1,7,8,12,15,8,3,23,56,161,173
1,2,2,3,14,2,8,9,54,23,158,152
2,1,8,3,10,7,8,8,40,32,151,169
1,2,11,2,15,13,0,2,45,59,197,151
2,1,3,3,8,8,7,1,35,19,195,177
2,2,8,9,2,2,1,9,22,59,186,196
1,0,0,10,0,14,6,0,29,53,190,165
1,2,1,3,12,14,9,4,50,34,153,163
1,1,9,5,15,10,9,11,31,22,164,195
0,2,2,7,13,5,10,6,24,42,167,186
2,1,5,6,10,6,6,6,34,26,153,183
0,0,5,0,15,5,11,2,54,21,178,187
2,1,3,2,0,12,6,11,27,24,196,168
0,2,11,11,2,9,7,11,52,35,176,163
0,1,5,8,13,1,8,1,19,44,172,193
1,2,5,7,10,13,0,2,53,37,161,188
0,0,6,2,13,4,10,1,53,34,168,168
2,1,8,6,5,1,9,7,50,34,158,194
1,0,11,1,7,15,5,3,51,43,156,167
1,0,1,2,5,5,0,1,18,49,184,169
2,0,1,4,13,1,1,3,23,33,184,194
0,1,8,8,4,12,2,5,32,28,155,187
2,0,2,1,3,11,8,11,33,24,167,183
2,0,11,2,1,13,7,0,55,27,153,198
2,2,7,4,11,3,3,1,20,53,180,174
0,0,0,5,0,7,7,6,44,43,163,196
2,0,5,3,1,12,3,11,59,45,194,162
1,2,2,8,10,99,7,4,44,55,169,162
0,1,7,0,6,2,8,11,55,25,189,197
1,1,5,8,3,2,1,10,46,39,152,182
1,2,4,8,13,12,7,8,55,42,165,156
2,1,5,8,7,10,2,0,49,33,154,157
2,1,0,11,1,1,3,2,56,57,196,174
2,0,9,1,3,14,4,11,26,47,195,199
2,2,8,8,5,7,11,7,25,36,178,198
1,1,7,6,14,4,11,3,50,40,150,180
2,2,6,6,12,3,11,7,50,39,179,179
1,1,1,0,12,7,3,0,44,20,182,151
0,1,4,4,0,99,5,10,32,33,150,157
0,0,9,11,15,5,11,11,36,28,166,174
1,1,2,2,10,15,3,2,37,21,150,186
1,1,6,5,14,1,1,1,28,21,168,166
1,1,5,0,4,13,7,8,54,59,183,165
1,1,2,5,12,12,2,4,21,31,161,173
2,0,4,8,1,99,1,7,46,18,197,170
0,0,9,11,4,8,4,2,21,37,187,189
2,1,5,0,13,11,9,0,28,53,188,162
2,2,7,4,7,6,10,11,35,52,180,187
2,2,8,7,3,15,2,8,49,47,186,162
1,0,3,11,7,13,3,10,53,24,177,174
2,0,6,1,7,99,7,8,26,28,195,197
1,2,2,11,9,4,2,11,25,36,193,185
2,2,9,5,6,15,6,5,34,35,152,195
0,2,8,6,4,12,8,1,41,51,178,171
2,2,9,1,9,3,7,0,55,36,180,181
0,1,1,9,0,5,11,0,57,48,157,180
0,0,10,6,0,12,6,1,34,41,195,172
1,0,7,7,7,6,6,4,19,30,165,173
1,0,0,0,0,9,6,3,59,44,157,172
0,1,7,2,15,12,11,0,18,54,160,194
2,1,9,5,4,1,11,8,23,58,159,155
1,1,9,11,11,6,0,2,18,44,187,187
0,0,1,6,5,99,3,8,57,44,191,166
0,1,10,6,0,5,2,7,38,43,158,198
0,1,11,7,8,15,8,8,57,45,159,190
2,2,7,10,12,12,2,7,29,42,174,163
2,1,4,11,1,3,8,1,32,20,156,164
1,1,3,1,0,0,10,8,20,30,166,161
0,2,1,11,9,7,0,4,59,24,153,184
1,2,5,6,7,99,2,6,19,55,158,180
0,2,0,10,99,10,7,10,36,49,186,163
0,0,1,4,11,6,5,11,58,57,197,167
0,2,7,3,13,15,3,10,50,31,179,162
1,2,2,4,6,7,2,5,46,54,187,194
1,2,2,10,2,3,10,5,35,46,159,169
0,1,5,6,12,13,8,3,55,18,155,191
2,2,5,2,11,9,1,9,25,24,165,192
2,1,9,0,9,99,8,11,57,35,186,183
1,1,11,11,1,14,0,11,29,50,188,153
0,1,0,2,12,14,5,4,53,43,152,172
0,0,8,9,14,13,9,0,37,21,179,161
1,0,4,1,11,13,5,5,43,41,162,190
0,2,7,6,0,8,5,7,36,18,168,179
1,0,5,4,8,12,10,10,22,50,183,164
2,0,1,7,12,0,7,5,50,38,199,192
2,2,2,11,0,5,10,5,34,40,177,153
1,1,7,6,1,0,1,0,20,21,158,156
2,2,5,10,1,7,4,1,46,43,199,178
0,2,10,8,7,0,0,6,29,56,195,168
2,1,6,0,12,0,7,7,52,39,184,188
0,1,10,8,12,13,9,8,57,29,180,156
2,0,5,1,7,13,0,4,28,45,199,157
1,1,2,11,13,2,9,2,53,25,184,179
0,1,0,6,10,7,7,1,52,58,186,151
1,2,6,3,14,14,0,1,25,23,179,153
0,0,4,1,1,9,8,8,59,33,164,171
0,1,10,10,4,12,0,0,41,34,152,175
1,1,0,9,1,4,5,11,34,26,161,199
0,2,11,11,6,12,3,8,59,19,171,188
0,2,7,10,8,1,2,1,39,50,165,187
2,1,11,10,11,6,8,8,45,49,199,193
2,1,10,6,15,99,10,8,27,23,194,157
1,1,6,5,5,4,2,6,27,29,189,190
2,1,2,11,5,10,6,11,34,56,179,192
1,2,7,4,12,3,11,4,46,56,189,162
1,2,8,2,4,4,7,11,43,43,175,178
0,1,6,4,6,4,0,5,20,48,163,151
1,1,4,7,99,15,8,4,37,24,183,189
2,1,9,0,13,1,3,7,53,56,158,168
2,2,4,0,8,1,0,7,38,45,187,170
2,0,6,2,13,8,1,10,28,35,164,180
1,2,8,2,4,13,7,6,51,49,166,166
0,1,0,5,0,1,5,9,58,59,178,153
1,2,4,4,8,14,5,8,45,54,164,169
2,1,4,7,5,1,11,2,53,26,191,162
2,2,6,11,99,99,2,10,58,35,150,164
1,0,1,11,9,9,10,3,37,54,173,199
2,1,3,4,99,11,4,4,30,59,167,161
1,2,5,1,11,0,6,11,21,57,157,163
1,1,8,0,6,4,7,2,28,29,166,183
1,2,10,8,3,4,2,4,18,24,191,167
0,0,7,7,15,8,0,6,27,52,166,183
2,1,10,5,7,3,4,1,35,18,166,172
0,1,7,2,11,4,8,11,42,20,160,170
2,1,11,5,3,9,3,11,27,22,154,183
2,2,9,7,13,7,3,6,44,47,150,188
2,2,7,0,4,12,8,10,41,31,177,167
1,1,3,11,15,2,2,5,59,29,163,183
2,2,7,11,15,4,10,9,27,23,151,185
2,0,5,10,14,0,0,6,42,45,192,170
0,2,8,0,8,14,7,5,22,25,182,196
0,0,6,4,3,4,7,5,34,18,198,164
1,1,3,7,13,14,11,1,40,41,160,181
0,1,0,0,12,1,4,10,41,56,153,191
0,0,2,4,14,4,6,10,18,42,173,169
1,0,6,6,2,4,6,5,21,26,152,179
2,1,2,4,15,2,0,5,48,25,153,166
0,2,3,8,13,1,5,7,59,52,192,161
0,1,4,7,0,5,4,8,23,42,165,176
0,0,2,7,99,0,3,3,49,36,179,177
1,0,2,2,5,14,8,3,21,49,174,191
0,2,8,11,0,5,3,10,19,56,197,157
1,0,3,6,8,3,4,9,49,58,192,160
2,0,0,10,12,11,3,8,19,31,187,189
1,1,7,11,7,5,9,4,22,30,174,192
1,0,0,9,5,5,4,2,51,40,167,165
2,0,5,3,0,13,4,9,47,37,161,152
2,1,9,10,0,15,9,5,28,19,153,176
2,0,10,4,14,15,2,5,59,44,158,154
1,2,0,1,6,11,10,4,40,18,181,152
2,0,9,8,4,5,11,8,28,45,184,187
1,0,5,4,2,1,9,6,22,32,187,189
2,0,8,1,8,4,8,7,48,38,190,172
1,1,3,3,1,5,3,5,24,24,194,182
0,1,8,2,12,0,3,3,59,34,173,160
1,2,2,5,6,13,10,0,37,52,165,194
0,0,2,6,13,6,5,7,30,18,185,154
1,1,6,4,12,2,8,8,52,26,160,181
0,1,5,2,7,14,9,1,36,37,182,152
2,0,10,5,9,5,2,9,50,45,199,158
2,0,4,8,1,0,3,2,25,49,196,170
0,2,9,2,8,14,6,9,49,43,195,168
2,2,6,4,4,2,8,9,48,37,161,183
2,2,8,7,0,99,1,0,53,44,158,162
0,0,11,9,1,11,6,7,19,40,179,165
0,1,8,8,14,0,11,2,23,57,192,199
0,1,11,3,12,2,10,6,49,31,152,170
0,1,2,9,4,2,11,3,32,58,176,178
2,0,5,11,15,4,2,2,20,53,177,159
1,0,10,9,10,9,10,10,36,57,183,167
1,2,7,6,13,10,8,1,59,36,199,165
1,0,9,11,2,0,2,7,48,24,175,160
2,0,1,3,2,12,6,8,34,48,181,172
2,0,4,11,2,2,9,3,28,56,168,180
1,1,5,11,12,14,7,2,36,25,158,167
0,0,1,8,6,7,4,6,31,32,190,188
1,2,5,9,99,4,7,1,44,21,180,196
0,2,3,0,2,8,11,5,36,27,168,188
2,0,5,11,10,15,10,2,55,28,153,164
1,1,11,0,5,3,1,1,53,23,173,179
2,0,7,6,6,7,9,9,56,32,166,170
1,0,2,4,7,4,6,2,31,35,184,191
0,1,4,11,3,9,3,2,56,32,154,156
2,2,4,11,99,13,5,5,48,22,170,183
0,2,5,2,2,14,8,5,41,53,183,191
0,1,6,7,0,99,7,3,44,26,150,189
1,1,0,6,7,14,7,11,58,45,187,187
1,1,1,2,11,15,7,0,55,38,157,166
2,0,7,3,0,99,11,0,28,30,191,186
0,0,0,11,2,99,0,3,23,54,158,188
1,0,4,2,99,5,5,3,22,54,165,192
0,2,2,5,99,14,1,8,58,41,171,171
1,0,4,8,2,15,8,8,30,58,191,179
0,1,6,0,5,6,0,4,29,18,199,176
0,2,1,1,15,5,11,10,54,49,177,189
1,1,8,1,11,15,8,3,43,27,157,167
0,0,4,9,8,12,8,4,28,59,192,151
2,1,6,4,0,4,3,7,23,19,183,181
2,2,10,9,10,3,6,1,49,48,174,156
2,0,0,2,3,0,3,1,20,45,161,195
